order_id,sample_id,site,date_collected,test,parameter,result,units,rep_limit,analysis_employee,param_analysis_date,instrument,method,matrix
2019011507,2019011507-01,303 LA CB 1m,2019-01-15T08:11:18Z,Chla,Chla,1.37,µg/L,0.5,dlangenfeld,2019-05-30T18:00:00Z,Turner Designs Trilogy Fluorometer,ELA-Chla,Lake Water
2019032602,2019032602-01,303 LA CB 1m,2019-03-26T02:46:38Z,Chla,Chla,1.18,µg/L,0.5,dlangenfeld,2019-05-30T18:00:00Z,Turner Designs Trilogy Fluorometer,ELA-Chla,Lake Water
2020010704,2020010704-01,303 LA CB 1m,2020-01-06T18:00:00Z,Chla,Chla,NA,µg/L,0.5,NA,NA,Turner Designs Trilogy Fluorometer,ELA-Chla,Lake Water
2020031706,2020031706-01,303 LA CB 1m,2020-03-17T10:03:54Z,Chla,Chla,NA,µg/L,0.5,NA,NA,Turner Designs Trilogy Fluorometer,ELA-Chla,Lake Water
2020010704,2020010704-01,303 LA CB 1m,2020-01-06T18:00:00Z,DIC,DIC,267,µM,NA,esmith,2020-01-07T18:00:00Z,LI-850 LI-COR CO2/H20 Gas Analyzer,ELA-DIC,Lake Water
2020031706,2020031706-01,303 LA CB 1m,2020-03-17T10:03:54Z,DIC,DIC,292,µM,NA,swarrack,2020-03-16T18:00:00Z,LI-850 LI-COR CO2/H20 Gas Analyzer,ELA-DIC,Lake Water
2019011507,2019011507-01,303 LA CB 1m,2019-01-15T08:11:18Z,DOC,DOC,753,µM,13,mbouch,2019-11-13T18:00:00Z,Shimadzu TOC-VCPH/CPN,FWI-DOC,Lake Water
2019032602,2019032602-01,303 LA CB 1m,2019-03-26T02:46:38Z,DOC,DOC,669,µM,13,mbouch,2019-11-20T18:00:00Z,Shimadzu TOC-VCPH/CPN,FWI-DOC,Lake Water
2020010704,2020010704-01,303 LA CB 1m,2020-01-06T18:00:00Z,DOC,DOC,NA,µM,13,NA,NA,Shimadzu TOC-VCPH/CPN,FWI-DOC,Lake Water
2020031706,2020031706-01,303 LA CB 1m,2020-03-17T10:03:54Z,DOC,DOC,NA,µM,13,NA,NA,Shimadzu TOC-VCPH/CPN,FWI-DOC,Lake Water
2019011507,2019011507-01,303 LA CB 1m,2019-01-15T08:11:18Z,NH3,NH3-N,626,µg/L,21,shavens,2019-01-15T18:00:00Z,Autoanalyzer II,ELA-TDN/NH3,Lake Water
2019032602,2019032602-01,303 LA CB 1m,2019-03-26T02:46:38Z,NH3,NH3-N,830,µg/L,5,shavens,2019-03-26T18:00:00Z,Autoanalyzer II,ELA-TDN/NH3,Lake Water
2020010704,2020010704-01,303 LA CB 1m,2020-01-06T18:00:00Z,NH3,NH3-N,570.9,µg/L,4.4,shavens,2020-01-08T18:00:00Z,AutoAnalyzer 3,ELA-TDN/NH3,Lake Water
2020031706,2020031706-01,303 LA CB 1m,2020-03-17T10:03:54Z,NH3,NH3-N,730,µg/L,4.4,shavens,2020-03-17T18:00:00Z,AutoAnalyzer 3,ELA-TDN/NH3,Lake Water
2019011507,2019011507-01,303 LA CB 1m,2019-01-15T08:11:18Z,NO2,NO2-N,2,µg/L,0.46,shavens,2019-01-15T18:00:00Z,Autoanalyzer II,ELA-NO2/NO3,Lake Water
2019032602,2019032602-01,303 LA CB 1m,2019-03-26T02:46:38Z,NO2,NO2-N,2,µg/L,2,shavens,2019-03-26T18:00:00Z,Autoanalyzer II,ELA-NO2/NO3,Lake Water
2020010704,2020010704-01,303 LA CB 1m,2020-01-06T18:00:00Z,NO2,NO2-N,1.2,µg/L,1,shavens,2020-01-08T18:00:00Z,AutoAnalyzer 3,ELA-NO2/NO3,Lake Water
2020031706,2020031706-01,303 LA CB 1m,2020-03-17T10:03:54Z,NO2,NO2-N,2,µg/L,0.46,shavens,2020-03-17T18:00:00Z,AutoAnalyzer 3,ELA-NO2/NO3,Lake Water
2019011507,2019011507-01,303 LA CB 1m,2019-01-15T08:11:18Z,NO3,NO3-N,7,µg/L,1.12,shavens,2019-01-15T18:00:00Z,Autoanalyzer II,ELA-NO2/NO3,Lake Water
2019032602,2019032602-01,303 LA CB 1m,2019-03-26T02:46:38Z,NO3,NO3-N,0,µg/L,1.12,shavens,2019-03-26T18:00:00Z,Autoanalyzer II,ELA-NO2/NO3,Lake Water
2020010704,2020010704-01,303 LA CB 1m,2020-01-06T18:00:00Z,NO3,NO3-N,4.6,µg/L,1.12,shavens,2020-01-08T18:00:00Z,AutoAnalyzer 3,ELA-NO2/NO3,Lake Water
2020031706,2020031706-01,303 LA CB 1m,2020-03-17T10:03:54Z,NO3,NO3-N,17,µg/L,1.12,shavens,2020-03-17T18:00:00Z,AutoAnalyzer 3,ELA-NO2/NO3,Lake Water
2020010704,2020010704-01,303 LA CB 1m,2020-01-06T18:00:00Z,pH,pH,5.835,SU,NA,esmith,2020-01-06T18:00:00Z,Fisher Scientific Accumet pH meter,ELA-pH,Lake Water
2020031706,2020031706-01,303 LA CB 1m,2020-03-17T10:03:54Z,pH,pH,5.79,SU,NA,swarrack,2020-03-16T18:00:00Z,Fisher Scientific Accumet pH meter,ELA-pH,Lake Water
2019011507,2019011507-01,303 LA CB 1m,2019-01-15T08:11:18Z,Phytoplankton,Total Biomass,NA,µg/L,1,NA,NA,Autoanalyzer II,ELA-Phytoplankton,Lake Water
2019032602,2019032602-01,303 LA CB 1m,2019-03-26T02:46:38Z,Phytoplankton,Total Biomass,NA,µg/L,1,NA,NA,Autoanalyzer II,ELA-Phytoplankton,Lake Water
2020010704,2020010704-01,303 LA CB 1m,2020-01-06T18:00:00Z,Phytoplankton,Total Biomass,NA,µg/L,1,NA,NA,Autoanalyzer II,ELA-Phytoplankton,Lake Water
2020031706,2020031706-01,303 LA CB 1m,2020-03-17T10:03:54Z,Phytoplankton,Total Biomass,NA,µg/L,1,NA,NA,NA,ELA-Phytoplankton,Lake Water
2019011507,2019011507-01,303 LA CB 1m,2019-01-15T08:11:18Z,Susp C/N,Susp C,872,µg/L,10,BASL - UAlberta,2019-09-18T18:00:00Z,Exeter CE 440 Elemental Analyzer,UA-C/N,Lake Water
2019011507,2019011507-01,303 LA CB 1m,2019-01-15T08:11:18Z,Susp C/N,Susp N,72,µg/L,15,BASL - UAlberta,2019-09-18T18:00:00Z,Exeter CE 440 Elemental Analyzer,UA-C/N,Lake Water
2019032602,2019032602-01,303 LA CB 1m,2019-03-26T02:46:38Z,Susp C/N,Susp C,1056,µg/L,10,BASL - UAlberta,2019-09-08T18:00:00Z,Exeter CE 440 Elemental Analyzer,UA-C/N,Lake Water
2019032602,2019032602-01,303 LA CB 1m,2019-03-26T02:46:38Z,Susp C/N,Susp N,100,µg/L,15,BASL - UAlberta,2019-09-08T18:00:00Z,Exeter CE 440 Elemental Analyzer,UA-C/N,Lake Water
2020010704,2020010704-01,303 LA CB 1m,2020-01-06T18:00:00Z,Susp C/N,Susp C,NA,µg/L,41.5,NA,NA,Exeter CE 440 Elemental Analyzer,UA-C/N,Lake Water
2020010704,2020010704-01,303 LA CB 1m,2020-01-06T18:00:00Z,Susp C/N,Susp N,NA,µg/L,15,NA,NA,Exeter CE 440 Elemental Analyzer,UA-C/N,Lake Water
2020031706,2020031706-01,303 LA CB 1m,2020-03-17T10:03:54Z,Susp C/N,Susp C,NA,µg/L,10,NA,NA,Exeter CE 440 Elemental Analyzer,UA-C/N,Lake Water
2020031706,2020031706-01,303 LA CB 1m,2020-03-17T10:03:54Z,Susp C/N,Susp N,NA,µg/L,10,NA,NA,Exeter CE 440 Elemental Analyzer,UA-C/N,Lake Water
2019011507,2019011507-01,303 LA CB 1m,2019-01-15T08:11:18Z,Susp Fe,Susp Fe,241,µg/L,19.4,cgregory,2019-05-08T18:00:00Z,PerkinElmer AAnalyst 400 AAS,ELA-SuspFe,Lake Water
2019032602,2019032602-01,303 LA CB 1m,2019-03-26T02:46:38Z,Susp Fe,Susp Fe,NA,µg/L,19.4,NA,NA,PerkinElmer AAnalyst 400 AAS,ELA-SuspFe,Lake Water
2020010704,2020010704-01,303 LA CB 1m,2020-01-06T18:00:00Z,Susp Fe,Susp Fe,NA,µg/L,19.4,NA,NA,PerkinElmer AAnalyst 400 AAS,ELA-SuspFe,Lake Water
2020031706,2020031706-01,303 LA CB 1m,2020-03-17T10:03:54Z,Susp Fe,Susp Fe,NA,µg/L,19.4,NA,NA,PerkinElmer AAnalyst 400 AAS,ELA-SuspFe,Lake Water
2019011507,2019011507-01,303 LA CB 1m,2019-01-15T08:11:18Z,Susp P,Susp P,NA,µg/L,0.2,NA,NA,Cole-Parmer 2100 Spectrophotometer,ELA-SuspP,Lake Water
2019032602,2019032602-01,303 LA CB 1m,2019-03-26T02:46:38Z,Susp P,Susp P,9,µg/L,1,mbouch,2019-11-24T18:00:00Z,Cole-Parmer 2100 Spectrophotometer,ELA-SuspP,Lake Water
2020010704,2020010704-01,303 LA CB 1m,2020-01-06T18:00:00Z,Susp P,Susp P,NA,µg/L,1,NA,NA,Cole-Parmer 2100 Spectrophotometer,ELA-SuspP,Lake Water
2020031706,2020031706-01,303 LA CB 1m,2020-03-17T10:03:54Z,Susp P,Susp P,NA,µg/L,1,NA,NA,Cole-Parmer 2100 Spectrophotometer,ELA-SuspP,Lake Water
2019011507,2019011507-01,303 LA CB 1m,2019-01-15T08:11:18Z,TDN,TDN,919,µg/L,28,shavens,2019-01-16T18:00:00Z,Autoanalyzer II,ELA-TDN/NH3,Lake Water
2019032602,2019032602-01,303 LA CB 1m,2019-03-26T02:46:38Z,TDN,TDN,1066,µg/L,31,shavens,2019-03-27T18:00:00Z,Autoanalyzer II,ELA-TDN/NH3,Lake Water
2020010704,2020010704-01,303 LA CB 1m,2020-01-06T18:00:00Z,TDN,TDN,1030,µg/L,4.4,shavens,2020-01-07T18:00:00Z,AutoAnalyzer 3,ELA-TDN/NH3,Lake Water
2020031706,2020031706-01,303 LA CB 1m,2020-03-17T10:03:54Z,TDN,TDN,1072,µg/L,4.4,shavens,2020-03-18T18:00:00Z,AutoAnalyzer 3,ELA-TDN/NH3,Lake Water
2019011507,2019011507-01,303 LA CB 1m,2019-01-15T08:11:18Z,TDP,TDP,4.06,µg/L,0.5,sstrapazzon,2019-01-16T18:00:00Z,Shimadzu 1601 scanning spectrophotometer,ELA-TDP,Lake Water
2019032602,2019032602-01,303 LA CB 1m,2019-03-26T02:46:38Z,TDP,TDP,26.37,µg/L,0.5,sstrapazzon,2019-03-27T18:00:00Z,Shimadzu 1601 scanning spectrophotometer,ELA-TDP,Lake Water
2020010704,2020010704-01,303 LA CB 1m,2020-01-06T18:00:00Z,TDP,TDP,6.696,µg/L,0.5,esmith,2020-01-07T18:00:00Z,Shimadzu 1601 scanning spectrophotometer,ELA-TDP,Lake Water
2020031706,2020031706-01,303 LA CB 1m,2020-03-17T10:03:54Z,TDP,TDP,14.7,µg/L,0.5,swarrack,2020-03-17T18:00:00Z,Shimadzu 1800 scanning spectrophotometer,ELA-TDP,Lake Water
2017051603,2017051603-01,303 LA CB Epi,2017-05-16T02:42:21Z,Chla,Chla,1.38,µg/L,NA,hpolaczek,2017-08-09T18:00:00Z,Turner Designs Trilogy Fluorometer,ELA-Chla,Lake Water
2017061303,2017061303-01,303 LA CB Epi,2017-06-13T04:21:44Z,Chla,Chla,2.41,µg/L,NA,hpolaczek,2017-10-11T18:00:00Z,Turner Designs Trilogy Fluorometer,ELA-Chla,Lake Water
2017071103,2017071103-01,303 LA CB Epi,2017-07-11T03:10:33Z,Chla,Chla,2.14,µg/L,NA,bgirouard,2017-09-20T18:00:00Z,Turner Designs Trilogy Fluorometer,ELA-Chla,Lake Water
2017081504,2017081504-01,303 LA CB Epi,2017-08-15T03:02:17Z,Chla,Chla,3.01,µg/L,NA,hpolaczek,2017-10-31T18:00:00Z,Turner Designs Trilogy Fluorometer,ELA-Chla,Lake Water
2017091203,2017091203-01,303 LA CB Epi,2017-09-12T02:39:59Z,Chla,Chla,3.89,µg/L,NA,hpolaczek,2017-11-06T18:00:00Z,Turner Designs Trilogy Fluorometer,ELA-Chla,Lake Water
2017101103,2017101103-01,303 LA CB Epi,2017-10-11T02:50:50Z,Chla,Chla,3.76,µg/L,NA,NA,NA,Turner Designs Trilogy Fluorometer,ELA-Chla,Lake Water
2018052907,2018052907-01,303 LA CB Epi,2018-05-29T06:08:14Z,Chla,Chla,2.48,µg/L,0.5,bcooney,2018-06-21T18:00:00Z,Turner Designs Trilogy Fluorometer,ELA-Chla,Lake Water
2018061804,2018061804-01,303 LA CB Epi,2018-06-18T02:15:57Z,Chla,Chla,2.11,µg/L,0.5,bcooney,2018-07-05T18:00:00Z,Turner Designs Trilogy Fluorometer,ELA-Chla,Lake Water
2018071603,2018071603-01,303 LA CB Epi,2018-07-16T02:12:11Z,Chla,Chla,4.75,µg/L,0.5,bcooney,2018-07-25T18:00:00Z,Turner Designs Trilogy Fluorometer,ELA-Chla,Lake Water
2018082005,2018082005-01,303 LA CB Epi,2018-08-20T02:28:36Z,Chla,Chla,14.11,µg/L,0.5,bcooney,2018-08-23T18:00:00Z,Turner Designs Trilogy Fluorometer,ELA-Chla,Lake Water
2018091802,2018091802-01,303 LA CB Epi,2018-09-18T02:09:06Z,Chla,Chla,17.4,µg/L,0.5,dlangenfeld,2018-10-23T18:00:00Z,Turner Designs Trilogy Fluorometer,ELA-Chla,Lake Water
2018091802,2018091802-02,303 LA CB Epi,2018-09-18T02:09:06Z,Chla,Chla,14.4,µg/L,0.5,dlangenfeld,2018-10-23T18:00:00Z,Turner Designs Trilogy Fluorometer,ELA-Chla,Lake Water
2018101503,2018101503-01,303 LA CB Epi,2018-10-15T03:06:50Z,Chla,Chla,9.25,µg/L,0.5,sstrapazzon,2018-10-31T18:00:00Z,Turner Designs Trilogy Fluorometer,ELA-Chla,Lake Water
2019051404,2019051404-01,303 LA CB Epi,2019-05-14T07:15:26Z,Chla,Chla,2.43,µg/L,0.5,NA,NA,Turner Designs Trilogy Fluorometer,ELA-Chla,Lake Water
2019061003,2019061003-01,303 LA CB Epi,2019-06-10T02:17:09Z,Chla,Chla,9.54,µg/L,0.5,mbouch,2019-07-22T18:00:00Z,Turner Designs Trilogy Fluorometer,ELA-Chla,Lake Water
2019070803,2019070803-01,303 LA CB Epi,2019-07-08T02:38:20Z,Chla,Chla,4.03,µg/L,0.5,mbouch,2019-07-29T18:00:00Z,Turner Designs Trilogy Fluorometer,ELA-Chla,Lake Water
2019081304,2019081304-01,303 LA CB Epi,2019-08-13T02:21:49Z,Chla,Chla,8.21,µg/L,0.5,mbouch,2019-08-26T18:00:00Z,Turner Designs Trilogy Fluorometer,ELA-Chla,Lake Water
2019090903,2019090903-01,303 LA CB Epi,2019-09-09T02:40:05Z,Chla,Chla,50.49,µg/L,0.5,mbouch,2019-09-25T18:00:00Z,Turner Designs Trilogy Fluorometer,ELA-Chla,Lake Water
2019100703,2019100703-01,303 LA CB Epi,2019-10-07T02:13:41Z,Chla,Chla,29.72,µg/L,0.5,mbouch,2019-10-28T18:00:00Z,Turner Designs Trilogy Fluorometer,ELA-Chla,Lake Water
2019102102,2019102102-01,303 LA CB Epi,2019-10-21T02:16:24Z,Chla,Chla,7.51,µg/L,0.5,mbouch,2019-10-28T18:00:00Z,Turner Designs Trilogy Fluorometer,ELA-Chla,Lake Water
2017051603,2017051603-01,303 LA CB Epi,2017-05-16T02:42:21Z,DIC,DIC,85,µM,NA,hpolaczek,2017-05-15T18:00:00Z,LI-820 LiCor gas analyzer,ELA-DIC,Lake Water
2017061303,2017061303-01,303 LA CB Epi,2017-06-13T04:21:44Z,DIC,DIC,69,µM,NA,hpolaczek,2017-06-13T18:00:00Z,LI-820 LiCor gas analyzer,ELA-DIC,Lake Water
2017071103,2017071103-01,303 LA CB Epi,2017-07-11T03:10:33Z,DIC,DIC,71,µM,NA,hpolaczek,2017-07-10T18:00:00Z,LI-820 LiCor gas analyzer,ELA-DIC,Lake Water
2017081504,2017081504-01,303 LA CB Epi,2017-08-15T03:02:17Z,DIC,DIC,92,µM,NA,rnykvist,2017-08-14T18:00:00Z,LI-820 LiCor gas analyzer,ELA-DIC,Lake Water
2017091203,2017091203-01,303 LA CB Epi,2017-09-12T02:39:59Z,DIC,DIC,76,µM,NA,bgirouard,2017-09-11T18:00:00Z,LI-820 LiCor gas analyzer,ELA-DIC,Lake Water
2017101103,2017101103-01,303 LA CB Epi,2017-10-11T02:50:50Z,DIC,DIC,80,µM,NA,bgirouard,2017-10-10T18:00:00Z,LI-820 LiCor gas analyzer,ELA-DIC,Lake Water
2019051404,2019051404-01,303 LA CB Epi,2019-05-14T07:15:26Z,DIC,DIC,133,µM,NA,bcooney,2019-05-13T18:00:00Z,LI-820 LiCor gas analyzer,ELA-DIC,Lake Water
2019061003,2019061003-01,303 LA CB Epi,2019-06-10T02:17:09Z,DIC,DIC,81,µM,NA,bcooney,2019-06-09T18:00:00Z,LI-820 LiCor gas analyzer,ELA-DIC,Lake Water
2019070803,2019070803-01,303 LA CB Epi,2019-07-08T02:38:20Z,DIC,DIC,119,µM,NA,bcooney,2019-07-07T18:00:00Z,LI-820 LiCor gas analyzer,ELA-DIC,Lake Water
2019081304,2019081304-01,303 LA CB Epi,2019-08-13T02:21:49Z,DIC,DIC,95,µM,NA,bcooney,2019-08-12T18:00:00Z,LI-850 LI-COR CO2/H20 Gas Analyzer,ELA-DIC,Lake Water
2019090903,2019090903-01,303 LA CB Epi,2019-09-09T02:40:05Z,DIC,DIC,11,µM,NA,bcooney,2019-09-08T18:00:00Z,LI-850 LI-COR CO2/H20 Gas Analyzer,ELA-DIC,Lake Water
2019100703,2019100703-01,303 LA CB Epi,2019-10-07T02:13:41Z,DIC,DIC,122,µM,NA,shavens,2019-10-06T18:00:00Z,LI-850 LI-COR CO2/H20 Gas Analyzer,ELA-DIC,Lake Water
2019102102,2019102102-01,303 LA CB Epi,2019-10-21T02:16:24Z,DIC,DIC,111,µM,NA,bcooney,2019-10-20T18:00:00Z,LI-850 LI-COR CO2/H20 Gas Analyzer,ELA-DIC,Lake Water
2017051603,2017051603-01,303 LA CB Epi,2017-05-16T02:42:21Z,DOC,DOC,552,µM,13,sstrapazzon,2018-11-12T18:00:00Z,Shimadzu TOC-VCPH/CPN,FWI-DOC,Lake Water
2017061303,2017061303-01,303 LA CB Epi,2017-06-13T04:21:44Z,DOC,DOC,533,µM,13,sstrapazzon,2018-11-13T18:00:00Z,Shimadzu TOC-VCPH/CPN,FWI-DOC,Lake Water
2017071103,2017071103-01,303 LA CB Epi,2017-07-11T03:10:33Z,DOC,DOC,582,µM,13,sstrapazzon,2018-11-10T18:00:00Z,Shimadzu TOC-VCPH/CPN,FWI-DOC,Lake Water
2017081504,2017081504-01,303 LA CB Epi,2017-08-15T03:02:17Z,DOC,DOC,577,µM,13,sstrapazzon,2018-11-18T18:00:00Z,Shimadzu TOC-VCPH/CPN,FWI-DOC,Lake Water
2017091203,2017091203-01,303 LA CB Epi,2017-09-12T02:39:59Z,DOC,DOC,622,µM,13,sstrapazzon,2018-11-05T18:00:00Z,Shimadzu TOC-VCPH/CPN,FWI-DOC,Lake Water
2017101103,2017101103-01,303 LA CB Epi,2017-10-11T02:50:50Z,DOC,DOC,682,µM,13,sstrapazzon,2018-11-06T18:00:00Z,Shimadzu TOC-VCPH/CPN,FWI-DOC,Lake Water
2018052907,2018052907-01,303 LA CB Epi,2018-05-29T06:08:14Z,DOC,DOC,617,µM,13,sstrapazzon,2018-11-27T17:00:00Z,Shimadzu TOC-VCPH/CPN,FWI-DOC,Lake Water
2018061804,2018061804-01,303 LA CB Epi,2018-06-18T02:15:57Z,DOC,DOC,656,µM,13,sstrapazzon,2018-12-03T17:00:00Z,Shimadzu TOC-VCPH/CPN,FWI-DOC,Lake Water
2018071603,2018071603-01,303 LA CB Epi,2018-07-16T02:12:11Z,DOC,DOC,625,µM,13,sstrapazzon,2018-12-10T17:00:00Z,Shimadzu TOC-VCPH/CPN,FWI-DOC,Lake Water
2018082005,2018082005-01,303 LA CB Epi,2018-08-20T02:28:36Z,DOC,DOC,668,µM,13,sstrapazzon,2018-12-16T17:00:00Z,Shimadzu TOC-VCPH/CPN,FWI-DOC,Lake Water
2018091802,2018091802-01,303 LA CB Epi,2018-09-18T02:09:06Z,DOC,DOC,783,µM,13,sstrapazzon,2018-12-19T17:00:00Z,Shimadzu TOC-VCPH/CPN,FWI-DOC,Lake Water
2018091802,2018091802-02,303 LA CB Epi,2018-09-18T02:09:06Z,DOC,DOC,714,µM,13,sstrapazzon,2018-12-19T17:00:00Z,Shimadzu TOC-VCPH/CPN,FWI-DOC,Lake Water
2018101503,2018101503-01,303 LA CB Epi,2018-10-15T03:06:50Z,DOC,DOC,770,µM,13,sstrapazzon,2018-12-18T17:00:00Z,Shimadzu TOC-VCPH/CPN,FWI-DOC,Lake Water
2019051404,2019051404-01,303 LA CB Epi,2019-05-14T07:15:26Z,DOC,DOC,541,µM,13,mbouch,2019-11-25T18:00:00Z,Shimadzu TOC-VCPH/CPN,FWI-DOC,Lake Water
2019061003,2019061003-01,303 LA CB Epi,2019-06-10T02:17:09Z,DOC,DOC,566,µM,13,mbouch,2019-11-26T18:00:00Z,Shimadzu TOC-VCPH/CPN,FWI-DOC,Lake Water
2019070803,2019070803-01,303 LA CB Epi,2019-07-08T02:38:20Z,DOC,DOC,616,µM,13,mbouch,2019-12-02T18:00:00Z,Shimadzu TOC-VCPH/CPN,FWI-DOC,Lake Water
2019081304,2019081304-01,303 LA CB Epi,2019-08-13T02:21:49Z,DOC,DOC,752,µM,13,mbouch,2019-12-11T18:00:00Z,Shimadzu TOC-VCPH/CPN,FWI-DOC,Lake Water
2019090903,2019090903-01,303 LA CB Epi,2019-09-09T02:40:05Z,DOC,DOC,1013,µM,13,dlangenfeld,2020-02-23T18:00:00Z,Shimadzu TOC-VCPH/CPN,FWI-DOC,Lake Water
2019100703,2019100703-01,303 LA CB Epi,2019-10-07T02:13:41Z,DOC,DOC,863,µM,13,dlangenfeld,2020-03-02T06:00:00Z,Shimadzu TOC-VCPH/CPN,FWI-DOC,Lake Water
2019102102,2019102102-01,303 LA CB Epi,2019-10-21T02:16:24Z,DOC,DOC,830,µM,13,dlangenfeld,2020-03-02T06:00:00Z,Shimadzu TOC-VCPH/CPN,FWI-DOC,Lake Water
2017051603,2017051603-01,303 LA CB Epi,2017-05-16T02:42:21Z,NH3,NH3-N,9,µg/L,4.4,jdearnley,2017-05-15T18:00:00Z,Autoanalyzer II,ELA-TDN/NH3,Lake Water
2017061303,2017061303-01,303 LA CB Epi,2017-06-13T04:21:44Z,NH3,NH3-N,4,µg/L,4.4,jdearnley,2017-06-13T10:00:00Z,Autoanalyzer II,ELA-TDN/NH3,Lake Water
2017071103,2017071103-01,303 LA CB Epi,2017-07-11T03:10:33Z,NH3,NH3-N,1,µg/L,4.4,NA,2017-07-11T13:00:00Z,Autoanalyzer II,ELA-TDN/NH3,Lake Water
2017081504,2017081504-01,303 LA CB Epi,2017-08-15T03:02:17Z,NH3,NH3-N,2,µg/L,4.4,NA,2017-08-16T03:00:00Z,Autoanalyzer II,ELA-TDN/NH3,Lake Water
2017091203,2017091203-01,303 LA CB Epi,2017-09-12T02:39:59Z,NH3,NH3-N,4,µg/L,4.4,NA,2017-09-12T10:30:00Z,Autoanalyzer II,ELA-TDN/NH3,Lake Water
2017101103,2017101103-01,303 LA CB Epi,2017-10-11T02:50:50Z,NH3,NH3-N,2,µg/L,4.4,NA,2017-10-12T03:00:00Z,Autoanalyzer II,ELA-TDN/NH3,Lake Water
2018052907,2018052907-01,303 LA CB Epi,2018-05-29T06:08:14Z,NH3,NH3-N,10,µg/L,4.4,shavens,2018-05-29T18:00:00Z,Autoanalyzer II,ELA-TDN/NH3,Lake Water
2018061804,2018061804-01,303 LA CB Epi,2018-06-18T02:15:57Z,NH3,NH3-N,8,µg/L,4.4,rnykvist,2018-06-18T18:00:00Z,Autoanalyzer II,ELA-TDN/NH3,Lake Water
2018071603,2018071603-01,303 LA CB Epi,2018-07-16T02:12:11Z,NH3,NH3-N,8,µg/L,4.4,rnykvist,2018-07-16T18:00:00Z,Autoanalyzer II,ELA-TDN/NH3,Lake Water
2018082005,2018082005-01,303 LA CB Epi,2018-08-20T02:28:36Z,NH3,NH3-N,73,µg/L,4.4,rnykvist,2018-08-20T18:00:00Z,Autoanalyzer II,ELA-TDN/NH3,Lake Water
2018091802,2018091802-01,303 LA CB Epi,2018-09-18T02:09:06Z,NH3,NH3-N,166,µg/L,4.4,marmstrong,2018-09-18T18:00:00Z,Autoanalyzer II,ELA-TDN/NH3,Lake Water
2018091802,2018091802-02,303 LA CB Epi,2018-09-18T02:09:06Z,NH3,NH3-N,160,µg/L,4.4,marmstrong,2018-09-18T18:00:00Z,Autoanalyzer II,ELA-TDN/NH3,Lake Water
2018101503,2018101503-01,303 LA CB Epi,2018-10-15T03:06:50Z,NH3,NH3-N,218,µg/L,4.4,marmstrong,2018-10-14T18:00:00Z,Autoanalyzer II,ELA-TDN/NH3,Lake Water
2019051404,2019051404-01,303 LA CB Epi,2019-05-14T07:15:26Z,NH3,NH3-N,327.69,µg/L,4.4,mbouch,2019-05-14T18:00:00Z,AutoAnalyzer 3,ELA-TDN/NH3,Lake Water
2019061003,2019061003-01,303 LA CB Epi,2019-06-10T02:17:09Z,NH3,NH3-N,133.27,µg/L,4.4,shavens,2019-06-10T18:00:00Z,AutoAnalyzer 3,ELA-TDN/NH3,Lake Water
2019070803,2019070803-01,303 LA CB Epi,2019-07-08T02:38:20Z,NH3,NH3-N,16.1,µg/L,4.4,mbouch,2019-07-08T18:00:00Z,AutoAnalyzer 3,ELA-TDN/NH3,Lake Water
2019081304,2019081304-01,303 LA CB Epi,2019-08-13T02:21:49Z,NH3,NH3-N,36.6,µg/L,4.4,mbouch,2019-08-12T18:00:00Z,AutoAnalyzer 3,ELA-TDN/NH3,Lake Water
2019090903,2019090903-01,303 LA CB Epi,2019-09-09T02:40:05Z,NH3,NH3-N,16.2,µg/L,4.4,mbouch,2019-09-10T18:00:00Z,AutoAnalyzer 3,ELA-TDN/NH3,Lake Water
2019100703,2019100703-01,303 LA CB Epi,2019-10-07T02:13:41Z,NH3,NH3-N,171.5,µg/L,4.4,shavens,2019-10-08T18:00:00Z,AutoAnalyzer 3,ELA-TDN/NH3,Lake Water
2019102102,2019102102-01,303 LA CB Epi,2019-10-21T02:16:24Z,NH3,NH3-N,307.4,µg/L,4.4,mbouch,2019-10-22T18:00:00Z,AutoAnalyzer 3,ELA-TDN/NH3,Lake Water
2017051603,2017051603-01,303 LA CB Epi,2017-05-16T02:42:21Z,NO2,NO2-N,0,µg/L,0.46,jdearnley,2017-05-16T09:00:00Z,Autoanalyzer II,ELA-NO2/NO3,Lake Water
2017061303,2017061303-01,303 LA CB Epi,2017-06-13T04:21:44Z,NO2,NO2-N,0,µg/L,0.46,jdearnley,2017-06-15T03:00:00Z,Autoanalyzer II,ELA-NO2/NO3,Lake Water
2017071103,2017071103-01,303 LA CB Epi,2017-07-11T03:10:33Z,NO2,NO2-N,0,µg/L,0.46,NA,2017-07-11T08:00:00Z,Autoanalyzer II,ELA-NO2/NO3,Lake Water
2017081504,2017081504-01,303 LA CB Epi,2017-08-15T03:02:17Z,NO2,NO2-N,0,µg/L,0.46,NA,2017-08-15T08:00:00Z,Autoanalyzer II,ELA-NO2/NO3,Lake Water
2017091203,2017091203-01,303 LA CB Epi,2017-09-12T02:39:59Z,NO2,NO2-N,0,µg/L,0.46,NA,2017-09-13T07:00:00Z,Autoanalyzer II,ELA-NO2/NO3,Lake Water
2017101103,2017101103-01,303 LA CB Epi,2017-10-11T02:50:50Z,NO2,NO2-N,0,µg/L,0.46,NA,2017-10-11T08:45:00Z,Autoanalyzer II,ELA-NO2/NO3,Lake Water
2018052907,2018052907-01,303 LA CB Epi,2018-05-29T06:08:14Z,NO2,NO2-N,1,µg/L,0.46,rnykvist,2018-05-29T18:00:00Z,Autoanalyzer II,ELA-NO2/NO3,Lake Water
2018061804,2018061804-01,303 LA CB Epi,2018-06-18T02:15:57Z,NO2,NO2-N,0,µg/L,0.46,rnykvist,2018-06-18T18:00:00Z,Autoanalyzer II,ELA-NO2/NO3,Lake Water
2018071603,2018071603-01,303 LA CB Epi,2018-07-16T02:12:11Z,NO2,NO2-N,0,µg/L,0.46,rnykvist,2018-07-17T18:00:00Z,Autoanalyzer II,ELA-NO2/NO3,Lake Water
2018082005,2018082005-01,303 LA CB Epi,2018-08-20T02:28:36Z,NO2,NO2-N,0,µg/L,0.46,rnykvist,2018-08-21T18:00:00Z,Autoanalyzer II,ELA-NO2/NO3,Lake Water
2018091802,2018091802-01,303 LA CB Epi,2018-09-18T02:09:06Z,NO2,NO2-N,6,µg/L,0.46,NA,NA,Autoanalyzer II,ELA-NO2/NO3,Lake Water
2018091802,2018091802-02,303 LA CB Epi,2018-09-18T02:09:06Z,NO2,NO2-N,6,µg/L,0.46,NA,NA,Autoanalyzer II,ELA-NO2/NO3,Lake Water
2018101503,2018101503-01,303 LA CB Epi,2018-10-15T03:06:50Z,NO2,NO2-N,7,µg/L,4,marmstrong,2018-10-15T18:00:00Z,Autoanalyzer II,ELA-NO2/NO3,Lake Water
2019051404,2019051404-01,303 LA CB Epi,2019-05-14T07:15:26Z,NO2,NO2-N,2.11,µg/L,0.46,mbouch,2019-05-14T18:00:00Z,AutoAnalyzer 3,ELA-NO2/NO3,Lake Water
2019061003,2019061003-01,303 LA CB Epi,2019-06-10T02:17:09Z,NO2,NO2-N,1.43,µg/L,0.46,shavens,2019-06-10T18:00:00Z,AutoAnalyzer 3,ELA-NO2/NO3,Lake Water
2019070803,2019070803-01,303 LA CB Epi,2019-07-08T02:38:20Z,NO2,NO2-N,0.5,µg/L,0.46,mbouch,2019-07-08T18:00:00Z,AutoAnalyzer 3,ELA-NO2/NO3,Lake Water
2019081304,2019081304-01,303 LA CB Epi,2019-08-13T02:21:49Z,NO2,NO2-N,1,µg/L,0.46,mbouch,2019-08-12T18:00:00Z,AutoAnalyzer 3,ELA-NO2/NO3,Lake Water
2019090903,2019090903-01,303 LA CB Epi,2019-09-09T02:40:05Z,NO2,NO2-N,0.7,µg/L,0.46,mbouch,2019-09-10T18:00:00Z,AutoAnalyzer 3,ELA-NO2/NO3,Lake Water
2019100703,2019100703-01,303 LA CB Epi,2019-10-07T02:13:41Z,NO2,NO2-N,0.77,µg/L,0.46,shavens,2019-10-08T18:00:00Z,AutoAnalyzer 3,ELA-NO2/NO3,Lake Water
2019102102,2019102102-01,303 LA CB Epi,2019-10-21T02:16:24Z,NO2,NO2-N,1.2,µg/L,0.46,mbouch,2019-10-22T18:00:00Z,AutoAnalyzer 3,ELA-NO2/NO3,Lake Water
2017051603,2017051603-01,303 LA CB Epi,2017-05-16T02:42:21Z,NO3,NO3-N,2,µg/L,1.12,jdearnley,2017-05-16T09:00:00Z,Autoanalyzer II,ELA-NO2/NO3,Lake Water
2017061303,2017061303-01,303 LA CB Epi,2017-06-13T04:21:44Z,NO3,NO3-N,0,µg/L,1.12,jdearnley,2017-06-15T03:00:00Z,Autoanalyzer II,ELA-NO2/NO3,Lake Water
2017071103,2017071103-01,303 LA CB Epi,2017-07-11T03:10:33Z,NO3,NO3-N,0,µg/L,1.12,NA,2017-07-11T08:00:00Z,Autoanalyzer II,ELA-NO2/NO3,Lake Water
2017081504,2017081504-01,303 LA CB Epi,2017-08-15T03:02:17Z,NO3,NO3-N,2,µg/L,1.12,NA,2017-08-15T08:00:00Z,Autoanalyzer II,ELA-NO2/NO3,Lake Water
2017091203,2017091203-01,303 LA CB Epi,2017-09-12T02:39:59Z,NO3,NO3-N,2,µg/L,1.12,NA,2017-09-13T07:00:00Z,Autoanalyzer II,ELA-NO2/NO3,Lake Water
2017101103,2017101103-01,303 LA CB Epi,2017-10-11T02:50:50Z,NO3,NO3-N,0,µg/L,1.12,NA,2017-10-11T08:45:00Z,Autoanalyzer II,ELA-NO2/NO3,Lake Water
2018052907,2018052907-01,303 LA CB Epi,2018-05-29T06:08:14Z,NO3,NO3-N,0,µg/L,1.12,rnykvist,2018-05-29T18:00:00Z,Autoanalyzer II,ELA-NO2/NO3,Lake Water
2018061804,2018061804-01,303 LA CB Epi,2018-06-18T02:15:57Z,NO3,NO3-N,0,µg/L,1.12,rnykvist,2018-06-18T18:00:00Z,Autoanalyzer II,ELA-NO2/NO3,Lake Water
2018071603,2018071603-01,303 LA CB Epi,2018-07-16T02:12:11Z,NO3,NO3-N,0,µg/L,1.12,rnykvist,2018-07-17T18:00:00Z,Autoanalyzer II,ELA-NO2/NO3,Lake Water
2018082005,2018082005-01,303 LA CB Epi,2018-08-20T02:28:36Z,NO3,NO3-N,2,µg/L,1.12,rnykvist,2018-08-21T18:00:00Z,Autoanalyzer II,ELA-NO2/NO3,Lake Water
2018091802,2018091802-01,303 LA CB Epi,2018-09-18T02:09:06Z,NO3,NO3-N,9,µg/L,1.12,NA,NA,Autoanalyzer II,ELA-NO2/NO3,Lake Water
2018091802,2018091802-02,303 LA CB Epi,2018-09-18T02:09:06Z,NO3,NO3-N,10,µg/L,1.12,NA,NA,Autoanalyzer II,ELA-NO2/NO3,Lake Water
2018101503,2018101503-01,303 LA CB Epi,2018-10-15T03:06:50Z,NO3,NO3-N,7,µg/L,1.12,marmstrong,2018-10-15T18:00:00Z,Autoanalyzer II,ELA-NO2/NO3,Lake Water
2019051404,2019051404-01,303 LA CB Epi,2019-05-14T07:15:26Z,NO3,NO3-N,13,µg/L,1.12,mbouch,2019-05-14T18:00:00Z,AutoAnalyzer 3,ELA-NO2/NO3,Lake Water
2019061003,2019061003-01,303 LA CB Epi,2019-06-10T02:17:09Z,NO3,NO3-N,11.15,µg/L,1.12,shavens,2019-06-10T18:00:00Z,AutoAnalyzer 3,ELA-NO2/NO3,Lake Water
2019070803,2019070803-01,303 LA CB Epi,2019-07-08T02:38:20Z,NO3,NO3-N,2.4,µg/L,1.12,mbouch,2019-07-08T18:00:00Z,AutoAnalyzer 3,ELA-NO2/NO3,Lake Water
2019081304,2019081304-01,303 LA CB Epi,2019-08-13T02:21:49Z,NO3,NO3-N,2.4,µg/L,1.12,mbouch,2019-08-12T18:00:00Z,AutoAnalyzer 3,ELA-NO2/NO3,Lake Water
2019090903,2019090903-01,303 LA CB Epi,2019-09-09T02:40:05Z,NO3,NO3-N,6,µg/L,1.12,mbouch,2019-09-10T18:00:00Z,AutoAnalyzer 3,ELA-NO2/NO3,Lake Water
2019100703,2019100703-01,303 LA CB Epi,2019-10-07T02:13:41Z,NO3,NO3-N,6.05,µg/L,1.12,shavens,2019-10-08T18:00:00Z,AutoAnalyzer 3,ELA-NO2/NO3,Lake Water
2019102102,2019102102-01,303 LA CB Epi,2019-10-21T02:16:24Z,NO3,NO3-N,8,µg/L,1.12,mbouch,2019-10-22T18:00:00Z,AutoAnalyzer 3,ELA-NO2/NO3,Lake Water
2017051603,2017051603-01,303 LA CB Epi,2017-05-16T02:42:21Z,pH,pH,6.604,SU,NA,NA,NA,Fisher Scientific Accumet pH meter,ELA-pH,Lake Water
2017061303,2017061303-01,303 LA CB Epi,2017-06-13T04:21:44Z,pH,pH,6.756,SU,NA,NA,2017-06-12T18:00:00Z,Fisher Scientific Accumet pH meter,ELA-pH,Lake Water
2017071103,2017071103-01,303 LA CB Epi,2017-07-11T03:10:33Z,pH,pH,6.687,SU,NA,NA,2017-07-10T18:00:00Z,Fisher Scientific Accumet pH meter,ELA-pH,Lake Water
2017081504,2017081504-01,303 LA CB Epi,2017-08-15T03:02:17Z,pH,pH,6.597,SU,NA,NA,2017-08-14T18:00:00Z,Fisher Scientific Accumet pH meter,ELA-pH,Lake Water
2017091203,2017091203-01,303 LA CB Epi,2017-09-12T02:39:59Z,pH,pH,6.802,SU,NA,bgirouard,2017-09-11T18:00:00Z,Fisher Scientific Accumet pH meter,ELA-pH,Lake Water
2017101103,2017101103-01,303 LA CB Epi,2017-10-11T02:50:50Z,pH,pH,6.611,SU,NA,bgirouard,2017-10-10T18:00:00Z,Fisher Scientific Accumet pH meter,ELA-pH,Lake Water
2019051404,2019051404-01,303 LA CB Epi,2019-05-14T07:15:26Z,pH,pH,6.823,SU,NA,bcooney,2019-05-13T18:00:00Z,Fisher Scientific Accumet pH meter,ELA-pH,Lake Water
2019061003,2019061003-01,303 LA CB Epi,2019-06-10T02:17:09Z,pH,pH,6.969,SU,NA,bcooney,2019-06-09T18:00:00Z,Fisher Scientific Accumet pH meter,ELA-pH,Lake Water
2019070803,2019070803-01,303 LA CB Epi,2019-07-08T02:38:20Z,pH,pH,6.875,SU,NA,bcooney,2019-07-07T18:00:00Z,Fisher Scientific Accumet pH meter,ELA-pH,Lake Water
2019081304,2019081304-01,303 LA CB Epi,2019-08-13T02:21:49Z,pH,pH,6.477,SU,NA,bcooney,2019-08-12T18:00:00Z,Fisher Scientific Accumet pH meter,ELA-pH,Lake Water
2019090903,2019090903-01,303 LA CB Epi,2019-09-09T02:40:05Z,pH,pH,8.79,SU,NA,bcooney,2019-09-08T18:00:00Z,Fisher Scientific Accumet pH meter,ELA-pH,Lake Water
2019100703,2019100703-01,303 LA CB Epi,2019-10-07T02:13:41Z,pH,pH,5.86,SU,NA,shavens,2019-10-06T18:00:00Z,Fisher Scientific Accumet pH meter,ELA-pH,Lake Water
2019102102,2019102102-01,303 LA CB Epi,2019-10-21T02:16:24Z,pH,pH,5.854,SU,NA,bcooney,2019-10-20T18:00:00Z,Fisher Scientific Accumet pH meter,ELA-pH,Lake Water
2018052907,2018052907-01,303 LA CB Epi,2018-05-29T06:08:14Z,Phytoplankton,Total Biomass,NA,µg/L,1,NA,NA,Autoanalyzer II,ELA-Phytoplankton,Lake Water
2018061804,2018061804-01,303 LA CB Epi,2018-06-18T02:15:57Z,Phytoplankton,Total Biomass,NA,µg/L,1,NA,NA,Autoanalyzer II,ELA-Phytoplankton,Lake Water
2018071603,2018071603-01,303 LA CB Epi,2018-07-16T02:12:11Z,Phytoplankton,Total Biomass,NA,µg/L,1,NA,NA,Autoanalyzer II,ELA-Phytoplankton,Lake Water
2018082005,2018082005-01,303 LA CB Epi,2018-08-20T02:28:36Z,Phytoplankton,Total Biomass,NA,µg/L,1,NA,NA,Autoanalyzer II,ELA-Phytoplankton,Lake Water
2018091802,2018091802-01,303 LA CB Epi,2018-09-18T02:09:06Z,Phytoplankton,Total Biomass,NA,µg/L,1,NA,NA,Autoanalyzer II,ELA-Phytoplankton,Lake Water
2018091802,2018091802-02,303 LA CB Epi,2018-09-18T02:09:06Z,Phytoplankton,Total Biomass,NA,µg/L,1,NA,NA,Autoanalyzer II,ELA-Phytoplankton,Lake Water
2018101503,2018101503-01,303 LA CB Epi,2018-10-15T03:06:50Z,Phytoplankton,Total Biomass,NA,µg/L,1,NA,NA,Autoanalyzer II,ELA-Phytoplankton,Lake Water
2019051404,2019051404-01,303 LA CB Epi,2019-05-14T07:15:26Z,Phytoplankton,Total Biomass,NA,µg/L,1,NA,NA,Autoanalyzer II,ELA-Phytoplankton,Lake Water
2019061003,2019061003-01,303 LA CB Epi,2019-06-10T02:17:09Z,Phytoplankton,Total Biomass,NA,µg/L,1,NA,NA,Autoanalyzer II,ELA-Phytoplankton,Lake Water
2019070803,2019070803-01,303 LA CB Epi,2019-07-08T02:38:20Z,Phytoplankton,Total Biomass,NA,µg/L,1,NA,NA,Autoanalyzer II,ELA-Phytoplankton,Lake Water
2019081304,2019081304-01,303 LA CB Epi,2019-08-13T02:21:49Z,Phytoplankton,Total Biomass,NA,µg/L,1,NA,NA,Autoanalyzer II,ELA-Phytoplankton,Lake Water
2019090903,2019090903-01,303 LA CB Epi,2019-09-09T02:40:05Z,Phytoplankton,Total Biomass,NA,µg/L,1,NA,NA,Autoanalyzer II,ELA-Phytoplankton,Lake Water
2019100703,2019100703-01,303 LA CB Epi,2019-10-07T02:13:41Z,Phytoplankton,Total Biomass,NA,µg/L,1,NA,NA,Autoanalyzer II,ELA-Phytoplankton,Lake Water
2019102102,2019102102-01,303 LA CB Epi,2019-10-21T02:16:24Z,Phytoplankton,Total Biomass,NA,µg/L,1,NA,NA,Autoanalyzer II,ELA-Phytoplankton,Lake Water
2017051603,2017051603-01,303 LA CB Epi,2017-05-16T02:42:21Z,Susp C/N,Susp C,714.5,µg/L,41.5,U of Alberta,2017-12-19T18:00:00Z,Exeter CE 440 Elemental Analyzer,UA-C/N,Lake Water
2017061303,2017061303-01,303 LA CB Epi,2017-06-13T04:21:44Z,Susp C/N,Susp C,1024.9,µg/L,41.5,U of Alberta,2018-01-18T18:00:00Z,Exeter CE 440 Elemental Analyzer,UA-C/N,Lake Water
2017071103,2017071103-01,303 LA CB Epi,2017-07-11T03:10:33Z,Susp C/N,Susp C,1276.4,µg/L,41.5,U of Alberta,2018-01-16T18:00:00Z,Exeter CE 440 Elemental Analyzer,UA-C/N,Lake Water
2017081504,2017081504-01,303 LA CB Epi,2017-08-15T03:02:17Z,Susp C/N,Susp C,1338.3,µg/L,41.5,U of Alberta,2018-01-23T18:00:00Z,Exeter CE 440 Elemental Analyzer,UA-C/N,Lake Water
2017091203,2017091203-01,303 LA CB Epi,2017-09-12T02:39:59Z,Susp C/N,Susp C,1107.7,µg/L,41.5,U of Alberta,2018-01-21T18:00:00Z,Exeter CE 440 Elemental Analyzer,UA-C/N,Lake Water
2017101103,2017101103-01,303 LA CB Epi,2017-10-11T02:50:50Z,Susp C/N,Susp C,1494,µg/L,41.5,U of Alberta,2018-01-30T18:00:00Z,Exeter CE 440 Elemental Analyzer,UA-C/N,Lake Water
2018052907,2018052907-01,303 LA CB Epi,2018-05-29T06:08:14Z,Susp C/N,Susp C,878,µg/L,41.5,BASL - UAlberta,2019-02-14T18:00:00Z,Exeter CE 440 Elemental Analyzer,UA-C/N,Lake Water
2018061804,2018061804-01,303 LA CB Epi,2018-06-18T02:15:57Z,Susp C/N,Susp C,1284,µg/L,41.5,BASL - UAlberta,2019-02-20T18:00:00Z,Exeter CE 440 Elemental Analyzer,UA-C/N,Lake Water
2018071603,2018071603-01,303 LA CB Epi,2018-07-16T02:12:11Z,Susp C/N,Susp C,1862.5,µg/L,41.5,BASL - UAlberta,2019-02-21T18:00:00Z,Exeter CE 440 Elemental Analyzer,UA-C/N,Lake Water
2018082005,2018082005-01,303 LA CB Epi,2018-08-20T02:28:36Z,Susp C/N,Susp C,4433.3,µg/L,41.5,BASL - UAlberta,2019-02-27T18:00:00Z,Exeter CE 440 Elemental Analyzer,UA-C/N,Lake Water
2018091802,2018091802-01,303 LA CB Epi,2018-09-18T02:09:06Z,Susp C/N,Susp C,3519.2,µg/L,41.5,BASL - UAlberta,2019-03-03T18:00:00Z,Exeter CE 440 Elemental Analyzer,UA-C/N,Lake Water
2018091802,2018091802-02,303 LA CB Epi,2018-09-18T02:09:06Z,Susp C/N,Susp C,3344,µg/L,41.5,BASL - UAlberta,2019-03-03T18:00:00Z,Exeter CE 440 Elemental Analyzer,UA-C/N,Lake Water
2018101503,2018101503-01,303 LA CB Epi,2018-10-15T03:06:50Z,Susp C/N,Susp C,2130,µg/L,41.5,BASL - UAlberta,2019-03-06T18:00:00Z,Exeter CE 440 Elemental Analyzer,UA-C/N,Lake Water
2019051404,2019051404-01,303 LA CB Epi,2019-05-14T07:15:26Z,Susp C/N,Susp C,443,µg/L,10,BASL - UAlberta,2019-09-24T18:00:00Z,Exeter CE 440 Elemental Analyzer,UA-C/N,Lake Water
2019061003,2019061003-01,303 LA CB Epi,2019-06-10T02:17:09Z,Susp C/N,Susp C,1523,µg/L,10,BASL - UAlberta,2019-09-25T18:00:00Z,Exeter CE 440 Elemental Analyzer,UA-C/N,Lake Water
2019070803,2019070803-01,303 LA CB Epi,2019-07-08T02:38:20Z,Susp C/N,Susp C,1816,µg/L,10,BASL - UAlberta,2019-12-09T18:00:00Z,Exeter CE 440 Elemental Analyzer,UA-C/N,Lake Water
2019081304,2019081304-01,303 LA CB Epi,2019-08-13T02:21:49Z,Susp C/N,Susp C,1582,µg/L,10,BASL - UAlberta,2020-01-08T18:00:00Z,Exeter CE 440 Elemental Analyzer,UA-C/N,Lake Water
2019090903,2019090903-01,303 LA CB Epi,2019-09-09T02:40:05Z,Susp C/N,Susp C,3978,µg/L,10,BASL - UAlberta,2020-01-16T18:00:00Z,Exeter CE 440 Elemental Analyzer,UA-C/N,Lake Water
2019100703,2019100703-01,303 LA CB Epi,2019-10-07T02:13:41Z,Susp C/N,Susp C,2702,µg/L,10,BASL - UAlberta,2020-01-14T18:00:00Z,Exeter CE 440 Elemental Analyzer,UA-C/N,Lake Water
2019102102,2019102102-01,303 LA CB Epi,2019-10-21T02:16:24Z,Susp C/N,Susp C,1326,µg/L,10,BASL - UAlberta,2020-01-15T18:00:00Z,Exeter CE 440 Elemental Analyzer,UA-C/N,Lake Water
2017051603,2017051603-01,303 LA CB Epi,2017-05-16T02:42:21Z,Susp C/N,Susp N,75.9,µg/L,15,U of Alberta,2017-12-19T18:00:00Z,Exeter CE 440 Elemental Analyzer,UA-C/N,Lake Water
2017061303,2017061303-01,303 LA CB Epi,2017-06-13T04:21:44Z,Susp C/N,Susp N,108.8,µg/L,15,U of Alberta,2018-01-18T18:00:00Z,Exeter CE 440 Elemental Analyzer,UA-C/N,Lake Water
2017071103,2017071103-01,303 LA CB Epi,2017-07-11T03:10:33Z,Susp C/N,Susp N,152,µg/L,15,U of Alberta,2018-01-16T18:00:00Z,Exeter CE 440 Elemental Analyzer,UA-C/N,Lake Water
2017081504,2017081504-01,303 LA CB Epi,2017-08-15T03:02:17Z,Susp C/N,Susp N,162.7,µg/L,15,U of Alberta,2018-01-23T18:00:00Z,Exeter CE 440 Elemental Analyzer,UA-C/N,Lake Water
2017091203,2017091203-01,303 LA CB Epi,2017-09-12T02:39:59Z,Susp C/N,Susp N,105.7,µg/L,15,U of Alberta,2018-01-21T18:00:00Z,Exeter CE 440 Elemental Analyzer,UA-C/N,Lake Water
2017101103,2017101103-01,303 LA CB Epi,2017-10-11T02:50:50Z,Susp C/N,Susp N,71.3,µg/L,15,U of Alberta,2018-01-30T18:00:00Z,Exeter CE 440 Elemental Analyzer,UA-C/N,Lake Water
2018052907,2018052907-01,303 LA CB Epi,2018-05-29T06:08:14Z,Susp C/N,Susp N,113.1,µg/L,10,BASL - UAlberta,2019-02-14T18:00:00Z,Exeter CE 440 Elemental Analyzer,UA-C/N,Lake Water
2018061804,2018061804-01,303 LA CB Epi,2018-06-18T02:15:57Z,Susp C/N,Susp N,137.1,µg/L,10,BASL - UAlberta,2019-02-20T18:00:00Z,Exeter CE 440 Elemental Analyzer,UA-C/N,Lake Water
2018071603,2018071603-01,303 LA CB Epi,2018-07-16T02:12:11Z,Susp C/N,Susp N,190.2,µg/L,10,BASL - UAlberta,2019-02-21T18:00:00Z,Exeter CE 440 Elemental Analyzer,UA-C/N,Lake Water
2018082005,2018082005-01,303 LA CB Epi,2018-08-20T02:28:36Z,Susp C/N,Susp N,354.7,µg/L,10,BASL - UAlberta,2019-02-27T18:00:00Z,Exeter CE 440 Elemental Analyzer,UA-C/N,Lake Water
2018091802,2018091802-01,303 LA CB Epi,2018-09-18T02:09:06Z,Susp C/N,Susp N,338.5,µg/L,10,BASL - UAlberta,2019-03-03T18:00:00Z,Exeter CE 440 Elemental Analyzer,UA-C/N,Lake Water
2018091802,2018091802-02,303 LA CB Epi,2018-09-18T02:09:06Z,Susp C/N,Susp N,362.2,µg/L,10,BASL - UAlberta,2019-03-03T18:00:00Z,Exeter CE 440 Elemental Analyzer,UA-C/N,Lake Water
2018101503,2018101503-01,303 LA CB Epi,2018-10-15T03:06:50Z,Susp C/N,Susp N,200,µg/L,10,BASL - UAlberta,2019-03-06T18:00:00Z,Exeter CE 440 Elemental Analyzer,UA-C/N,Lake Water
2019051404,2019051404-01,303 LA CB Epi,2019-05-14T07:15:26Z,Susp C/N,Susp N,50,µg/L,15,BASL - UAlberta,2019-09-24T18:00:00Z,Exeter CE 440 Elemental Analyzer,UA-C/N,Lake Water
2019061003,2019061003-01,303 LA CB Epi,2019-06-10T02:17:09Z,Susp C/N,Susp N,175,µg/L,10,BASL - UAlberta,2019-09-25T18:00:00Z,Exeter CE 440 Elemental Analyzer,UA-C/N,Lake Water
2019070803,2019070803-01,303 LA CB Epi,2019-07-08T02:38:20Z,Susp C/N,Susp N,211,µg/L,10,BASL - UAlberta,2019-12-09T18:00:00Z,Exeter CE 440 Elemental Analyzer,UA-C/N,Lake Water
2019081304,2019081304-01,303 LA CB Epi,2019-08-13T02:21:49Z,Susp C/N,Susp N,206,µg/L,10,BASL - UAlberta,2020-01-08T18:00:00Z,Exeter CE 440 Elemental Analyzer,UA-C/N,Lake Water
2019090903,2019090903-01,303 LA CB Epi,2019-09-09T02:40:05Z,Susp C/N,Susp N,811,µg/L,10,BASL - UAlberta,2020-01-16T18:00:00Z,Exeter CE 440 Elemental Analyzer,UA-C/N,Lake Water
2019100703,2019100703-01,303 LA CB Epi,2019-10-07T02:13:41Z,Susp C/N,Susp N,540,µg/L,10,BASL - UAlberta,2020-01-14T18:00:00Z,Exeter CE 440 Elemental Analyzer,UA-C/N,Lake Water
2019102102,2019102102-01,303 LA CB Epi,2019-10-21T02:16:24Z,Susp C/N,Susp N,211,µg/L,10,BASL - UAlberta,2020-01-15T18:00:00Z,Exeter CE 440 Elemental Analyzer,UA-C/N,Lake Water
2018052907,2018052907-01,303 LA CB Epi,2018-05-29T06:08:14Z,Susp Fe,Susp Fe,164,µg/L,19.4,cgregory,2019-05-08T18:00:00Z,PerkinElmer AAnalyst 400 AAS,ELA-SuspFe,Lake Water
2018061804,2018061804-01,303 LA CB Epi,2018-06-18T02:15:57Z,Susp Fe,Susp Fe,135,µg/L,19.4,cgregory,2019-05-08T18:00:00Z,PerkinElmer AAnalyst 400 AAS,ELA-SuspFe,Lake Water
2018071603,2018071603-01,303 LA CB Epi,2018-07-16T02:12:11Z,Susp Fe,Susp Fe,197,µg/L,19.4,cgregory,2019-05-08T18:00:00Z,PerkinElmer AAnalyst 400 AAS,ELA-SuspFe,Lake Water
2018082005,2018082005-01,303 LA CB Epi,2018-08-20T02:28:36Z,Susp Fe,Susp Fe,278,µg/L,19.4,cgregory,2019-05-08T18:00:00Z,PerkinElmer AAnalyst 400 AAS,ELA-SuspFe,Lake Water
2018091802,2018091802-01,303 LA CB Epi,2018-09-18T02:09:06Z,Susp Fe,Susp Fe,256,µg/L,19.4,cgregory,2019-05-02T18:00:00Z,PerkinElmer AAnalyst 400 AAS,ELA-SuspFe,Lake Water
2018091802,2018091802-02,303 LA CB Epi,2018-09-18T02:09:06Z,Susp Fe,Susp Fe,225,µg/L,19.4,cgregory,2019-05-02T18:00:00Z,PerkinElmer AAnalyst 400 AAS,ELA-SuspFe,Lake Water
2018101503,2018101503-01,303 LA CB Epi,2018-10-15T03:06:50Z,Susp Fe,Susp Fe,246,µg/L,19.4,cgregory,2019-05-02T18:00:00Z,PerkinElmer AAnalyst 400 AAS,ELA-SuspFe,Lake Water
2019051404,2019051404-01,303 LA CB Epi,2019-05-14T07:15:26Z,Susp Fe,Susp Fe,NA,µg/L,19.4,NA,NA,PerkinElmer AAnalyst 400 AAS,ELA-SuspFe,Lake Water
2019061003,2019061003-01,303 LA CB Epi,2019-06-10T02:17:09Z,Susp Fe,Susp Fe,NA,µg/L,19.4,NA,NA,PerkinElmer AAnalyst 400 AAS,ELA-SuspFe,Lake Water
2019070803,2019070803-01,303 LA CB Epi,2019-07-08T02:38:20Z,Susp Fe,Susp Fe,NA,µg/L,19.4,NA,NA,PerkinElmer AAnalyst 400 AAS,ELA-SuspFe,Lake Water
2019081304,2019081304-01,303 LA CB Epi,2019-08-13T02:21:49Z,Susp Fe,Susp Fe,NA,µg/L,19.4,NA,NA,PerkinElmer AAnalyst 400 AAS,ELA-SuspFe,Lake Water
2019090903,2019090903-01,303 LA CB Epi,2019-09-09T02:40:05Z,Susp Fe,Susp Fe,NA,µg/L,19.4,NA,NA,PerkinElmer AAnalyst 400 AAS,ELA-SuspFe,Lake Water
2019100703,2019100703-01,303 LA CB Epi,2019-10-07T02:13:41Z,Susp Fe,Susp Fe,NA,µg/L,19.4,NA,NA,PerkinElmer AAnalyst 400 AAS,ELA-SuspFe,Lake Water
2019102102,2019102102-01,303 LA CB Epi,2019-10-21T02:16:24Z,Susp Fe,Susp Fe,NA,µg/L,19.4,NA,NA,PerkinElmer AAnalyst 400 AAS,ELA-SuspFe,Lake Water
2017051603,2017051603-01,303 LA CB Epi,2017-05-16T02:42:21Z,Susp P,Susp P,7,µg/L,0.2,hpolaczek,2017-11-19T18:00:00Z,Shimadzu 1601 scanning spectrophotometer,ELA-SuspP,Lake Water
2017061303,2017061303-01,303 LA CB Epi,2017-06-13T04:21:44Z,Susp P,Susp P,9,µg/L,0.2,hpolaczek,2017-11-22T18:00:00Z,Cole-Parmer 2100 Spectrophotometer,ELA-SuspP,Lake Water
2017071103,2017071103-01,303 LA CB Epi,2017-07-11T03:10:33Z,Susp P,Susp P,8,µg/L,0.2,hpolaczek,2017-11-26T18:00:00Z,Cole-Parmer 2100 Spectrophotometer,ELA-SuspP,Lake Water
2017081504,2017081504-01,303 LA CB Epi,2017-08-15T03:02:17Z,Susp P,Susp P,7,µg/L,0.2,hpolaczek,2017-11-29T18:00:00Z,Cole-Parmer 2100 Spectrophotometer,ELA-SuspP,Lake Water
2017091203,2017091203-01,303 LA CB Epi,2017-09-12T02:39:59Z,Susp P,Susp P,7,µg/L,0.2,hpolaczek,2017-11-30T18:00:00Z,Cole-Parmer 2100 Spectrophotometer,ELA-SuspP,Lake Water
2017101103,2017101103-01,303 LA CB Epi,2017-10-11T02:50:50Z,Susp P,Susp P,6,µg/L,0.2,hpolaczek,2017-12-04T18:00:00Z,Cole-Parmer 2100 Spectrophotometer,ELA-SuspP,Lake Water
2018052907,2018052907-01,303 LA CB Epi,2018-05-29T06:08:14Z,Susp P,Susp P,8,µg/L,0.2,sstrapazzon,2019-02-20T17:00:00Z,Cole-Parmer 2100 Spectrophotometer,ELA-SuspP,Lake Water
2018061804,2018061804-01,303 LA CB Epi,2018-06-18T02:15:57Z,Susp P,Susp P,8,µg/L,0.2,sstrapazzon,2019-02-09T17:00:00Z,Cole-Parmer 2100 Spectrophotometer,ELA-SuspP,Lake Water
2018071603,2018071603-01,303 LA CB Epi,2018-07-16T02:12:11Z,Susp P,Susp P,10,µg/L,0.2,sstrapazzon,2019-01-01T17:00:00Z,Cole-Parmer 2100 Spectrophotometer,ELA-SuspP,Lake Water
2018082005,2018082005-01,303 LA CB Epi,2018-08-20T02:28:36Z,Susp P,Susp P,16,µg/L,0.2,sstrapazzon,NA,Cole-Parmer 2100 Spectrophotometer,ELA-SuspP,Lake Water
2018091802,2018091802-01,303 LA CB Epi,2018-09-18T02:09:06Z,Susp P,Susp P,14,µg/L,0.2,sstrapazzon,NA,Cole-Parmer 2100 Spectrophotometer,ELA-SuspP,Lake Water
2018091802,2018091802-02,303 LA CB Epi,2018-09-18T02:09:06Z,Susp P,Susp P,11,µg/L,0.2,sstrapazzon,NA,Cole-Parmer 2100 Spectrophotometer,ELA-SuspP,Lake Water
2018101503,2018101503-01,303 LA CB Epi,2018-10-15T03:06:50Z,Susp P,Susp P,9,µg/L,0.2,sstrapazzon,2018-11-25T18:00:00Z,Cole-Parmer 2100 Spectrophotometer,ELA-SuspP,Lake Water
2019051404,2019051404-01,303 LA CB Epi,2019-05-14T07:15:26Z,Susp P,Susp P,14,µg/L,0.2,mbouch,2019-11-27T18:00:00Z,Cole-Parmer 2100 Spectrophotometer,ELA-SuspP,Lake Water
2019061003,2019061003-01,303 LA CB Epi,2019-06-10T02:17:09Z,Susp P,Susp P,15,µg/L,0.2,mbouch,2019-12-01T18:00:00Z,Cole-Parmer 2100 Spectrophotometer,ELA-SuspP,Lake Water
2019070803,2019070803-01,303 LA CB Epi,2019-07-08T02:38:20Z,Susp P,Susp P,21,µg/L,0.2,mbouch,2019-12-08T18:00:00Z,Cole-Parmer 2100 Spectrophotometer,ELA-SuspP,Lake Water
2019081304,2019081304-01,303 LA CB Epi,2019-08-13T02:21:49Z,Susp P,Susp P,16,µg/L,0.2,mbouch,2019-12-15T18:00:00Z,Cole-Parmer 2100 Spectrophotometer,ELA-SuspP,Lake Water
2019090903,2019090903-01,303 LA CB Epi,2019-09-09T02:40:05Z,Susp P,Susp P,40,µg/L,0.2,amachutchin,2020-01-15T18:00:00Z,Cole-Parmer 2100 Spectrophotometer,ELA-SuspP,Lake Water
2019100703,2019100703-01,303 LA CB Epi,2019-10-07T02:13:41Z,Susp P,Susp P,27,µg/L,0.2,amachutchin,2020-01-28T18:00:00Z,Cole-Parmer 2100 Spectrophotometer,ELA-SuspP,Lake Water
2019102102,2019102102-01,303 LA CB Epi,2019-10-21T02:16:24Z,Susp P,Susp P,27,µg/L,0.2,amachutchin,2020-01-30T18:00:00Z,Cole-Parmer 2100 Spectrophotometer,ELA-SuspP,Lake Water
2017051603,2017051603-01,303 LA CB Epi,2017-05-16T02:42:21Z,TDN,TDN,252,µg/L,4.4,NA,2017-05-18T04:00:00Z,Autoanalyzer II,ELA-TDN/NH3,Lake Water
2017061303,2017061303-01,303 LA CB Epi,2017-06-13T04:21:44Z,TDN,TDN,282,µg/L,4.4,NA,2017-06-15T08:00:00Z,Autoanalyzer II,ELA-TDN/NH3,Lake Water
2017071103,2017071103-01,303 LA CB Epi,2017-07-11T03:10:33Z,TDN,TDN,278,µg/L,4.4,NA,2017-07-13T08:30:00Z,Autoanalyzer II,ELA-TDN/NH3,Lake Water
2017081504,2017081504-01,303 LA CB Epi,2017-08-15T03:02:17Z,TDN,TDN,315,µg/L,4.4,NA,2017-08-16T07:30:00Z,Autoanalyzer II,ELA-TDN/NH3,Lake Water
2017091203,2017091203-01,303 LA CB Epi,2017-09-12T02:39:59Z,TDN,TDN,341,µg/L,4.4,NA,2017-09-15T03:00:00Z,Autoanalyzer II,ELA-TDN/NH3,Lake Water
2017101103,2017101103-01,303 LA CB Epi,2017-10-11T02:50:50Z,TDN,TDN,341,µg/L,4.4,NA,2017-10-16T09:30:00Z,Autoanalyzer II,ELA-TDN/NH3,Lake Water
2018052907,2018052907-01,303 LA CB Epi,2018-05-29T06:08:14Z,TDN,TDN,294,µg/L,4.4,rnykvist,2018-05-30T18:00:00Z,Autoanalyzer II,ELA-TDN/NH3,Lake Water
2018061804,2018061804-01,303 LA CB Epi,2018-06-18T02:15:57Z,TDN,TDN,281,µg/L,4.4,rnykvist,2018-06-19T18:00:00Z,Autoanalyzer II,ELA-TDN/NH3,Lake Water
2018071603,2018071603-01,303 LA CB Epi,2018-07-16T02:12:11Z,TDN,TDN,330,µg/L,4.4,rnykvist,2018-08-08T18:00:00Z,Autoanalyzer II,ELA-TDN/NH3,Lake Water
2018082005,2018082005-01,303 LA CB Epi,2018-08-20T02:28:36Z,TDN,TDN,464,µg/L,4.4,marmstrong,2018-08-27T18:00:00Z,Autoanalyzer II,ELA-TDN/NH3,Lake Water
2018091802,2018091802-01,303 LA CB Epi,2018-09-18T02:09:06Z,TDN,TDN,555,µg/L,4.4,marmstrong,2018-09-18T18:00:00Z,Autoanalyzer II,ELA-TDN/NH3,Lake Water
2018091802,2018091802-02,303 LA CB Epi,2018-09-18T02:09:06Z,TDN,TDN,562,µg/L,4.4,marmstrong,2018-09-18T18:00:00Z,Autoanalyzer II,ELA-TDN/NH3,Lake Water
2018101503,2018101503-01,303 LA CB Epi,2018-10-15T03:06:50Z,TDN,TDN,619,µg/L,4.4,marmstrong,2018-10-17T18:00:00Z,Autoanalyzer II,ELA-TDN/NH3,Lake Water
2019051404,2019051404-01,303 LA CB Epi,2019-05-14T07:15:26Z,TDN,TDN,640.059,µg/L,4.4,mbouch,2019-05-20T18:00:00Z,AutoAnalyzer 3,ELA-TDN/NH3,Lake Water
2019061003,2019061003-01,303 LA CB Epi,2019-06-10T02:17:09Z,TDN,TDN,431,µg/L,4.4,shavens,2019-06-12T18:00:00Z,AutoAnalyzer 3,ELA-TDN/NH3,Lake Water
2019070803,2019070803-01,303 LA CB Epi,2019-07-08T02:38:20Z,TDN,TDN,359.3,µg/L,4.4,NA,2019-07-10T18:00:00Z,AutoAnalyzer 3,ELA-TDN/NH3,Lake Water
2019081304,2019081304-01,303 LA CB Epi,2019-08-13T02:21:49Z,TDN,TDN,312.7,µg/L,4.4,mbouch,2019-08-14T18:00:00Z,AutoAnalyzer 3,ELA-TDN/NH3,Lake Water
2019090903,2019090903-01,303 LA CB Epi,2019-09-09T02:40:05Z,TDN,TDN,461.3,µg/L,4.4,mbouch,2019-09-11T18:00:00Z,AutoAnalyzer 3,ELA-TDN/NH3,Lake Water
2019100703,2019100703-01,303 LA CB Epi,2019-10-07T02:13:41Z,TDN,TDN,583,µg/L,4.4,mbouch,2019-10-14T18:00:00Z,AutoAnalyzer 3,ELA-TDN/NH3,Lake Water
2019102102,2019102102-01,303 LA CB Epi,2019-10-21T02:16:24Z,TDN,TDN,689.8,µg/L,4.4,mbouch,2019-10-23T18:00:00Z,AutoAnalyzer 3,ELA-TDN/NH3,Lake Water
2017051603,2017051603-01,303 LA CB Epi,2017-05-16T02:42:21Z,TDP,TDP,3.743,µg/L,0.5,NA,2017-05-17T18:00:00Z,Shimadzu 1601 scanning spectrophotometer,ELA-TDP,Lake Water
2017061303,2017061303-01,303 LA CB Epi,2017-06-13T04:21:44Z,TDP,TDP,4.179,µg/L,0.5,NA,2017-06-19T18:00:00Z,Shimadzu 1601 scanning spectrophotometer,ELA-TDP,Lake Water
2017071103,2017071103-01,303 LA CB Epi,2017-07-11T03:10:33Z,TDP,TDP,3.217,µg/L,0.5,NA,2017-07-12T18:00:00Z,Shimadzu 1601 scanning spectrophotometer,ELA-TDP,Lake Water
2017081504,2017081504-01,303 LA CB Epi,2017-08-15T03:02:17Z,TDP,TDP,4.039,µg/L,0.5,NA,2017-08-16T18:00:00Z,Shimadzu 1601 scanning spectrophotometer,ELA-TDP,Lake Water
2017091203,2017091203-01,303 LA CB Epi,2017-09-12T02:39:59Z,TDP,TDP,3.782,µg/L,0.5,hpolaczek,2017-09-12T18:00:00Z,Shimadzu 1601 scanning spectrophotometer,ELA-TDP,Lake Water
2017101103,2017101103-01,303 LA CB Epi,2017-10-11T02:50:50Z,TDP,TDP,3.01,µg/L,0.5,hpolaczek,2017-10-17T18:00:00Z,Shimadzu 1601 scanning spectrophotometer,ELA-TDP,Lake Water
2018052907,2018052907-01,303 LA CB Epi,2018-05-29T06:08:14Z,TDP,TDP,4.38,µg/L,0.5,bcooney,2018-06-04T18:00:00Z,Shimadzu 1601 scanning spectrophotometer,ELA-TDP,Lake Water
2018061804,2018061804-01,303 LA CB Epi,2018-06-18T02:15:57Z,TDP,TDP,3.506,µg/L,0.5,lalsip,2018-06-27T18:00:00Z,Shimadzu 1601 scanning spectrophotometer,ELA-TDP,Lake Water
2018071603,2018071603-01,303 LA CB Epi,2018-07-16T02:12:11Z,TDP,TDP,2.255,µg/L,0.5,bcooney,2018-07-19T18:00:00Z,Shimadzu 1601 scanning spectrophotometer,ELA-TDP,Lake Water
2018082005,2018082005-01,303 LA CB Epi,2018-08-20T02:28:36Z,TDP,TDP,3.052,µg/L,0.5,lalsip,2018-08-22T18:00:00Z,Shimadzu 1601 scanning spectrophotometer,ELA-TDP,Lake Water
2018091802,2018091802-01,303 LA CB Epi,2018-09-18T02:09:06Z,TDP,TDP,3.564,µg/L,0.5,sstrapazzon,2018-09-19T18:00:00Z,Shimadzu 1601 scanning spectrophotometer,ELA-TDP,Lake Water
2018091802,2018091802-02,303 LA CB Epi,2018-09-18T02:09:06Z,TDP,TDP,2.86,µg/L,0.5,sstrapazzon,2018-09-19T18:00:00Z,Shimadzu 1601 scanning spectrophotometer,ELA-TDP,Lake Water
2018101503,2018101503-01,303 LA CB Epi,2018-10-15T03:06:50Z,TDP,TDP,4.5,µg/L,0.5,dlangenfeld,2018-10-17T18:00:00Z,Shimadzu 1601 scanning spectrophotometer,ELA-TDP,Lake Water
2019051404,2019051404-01,303 LA CB Epi,2019-05-14T07:15:26Z,TDP,TDP,2.4,µg/L,0.5,dlangenfeld,2019-05-15T18:00:00Z,Shimadzu 1601 scanning spectrophotometer,ELA-TDP,Lake Water
2019061003,2019061003-01,303 LA CB Epi,2019-06-10T02:17:09Z,TDP,TDP,4.1,µg/L,0.5,dlangenfeld,2019-06-12T18:00:00Z,Shimadzu 1601 scanning spectrophotometer,ELA-TDP,Lake Water
2019070803,2019070803-01,303 LA CB Epi,2019-07-08T02:38:20Z,TDP,TDP,5.3,µg/L,0.5,dlangenfeld,2019-07-10T18:00:00Z,Shimadzu 1601 scanning spectrophotometer,ELA-TDP,Lake Water
2019081304,2019081304-01,303 LA CB Epi,2019-08-13T02:21:49Z,TDP,TDP,5.9,µg/L,0.5,dlangenfeld,2019-08-14T18:00:00Z,Shimadzu 1601 scanning spectrophotometer,ELA-TDP,Lake Water
2019090903,2019090903-01,303 LA CB Epi,2019-09-09T02:40:05Z,TDP,TDP,4.9,µg/L,0.5,bcooney,2019-09-11T18:00:00Z,Shimadzu 1601 scanning spectrophotometer,ELA-TDP,Lake Water
2019100703,2019100703-01,303 LA CB Epi,2019-10-07T02:13:41Z,TDP,TDP,4.3,µg/L,0.5,klockhart,2019-10-09T18:00:00Z,Shimadzu 1601 scanning spectrophotometer,ELA-TDP,Lake Water
2019102102,2019102102-01,303 LA CB Epi,2019-10-21T02:16:24Z,TDP,TDP,8,µg/L,0.5,klockhart,2019-10-24T18:00:00Z,Shimadzu 1601 scanning spectrophotometer,ELA-TDP,Lake Water
